<?xml version="1.0" encoding="UTF-8"?><contact_information><member>
        <member_full>Alexander (R-TN)</member_full>
        <last_name>Alexander</last_name>
        <first_name>Lamar</first_name>
        <party>R</party>
        <state>TN</state>
        <address>455 Dirksen Senate Office Building Washington DC 20510</address>
        <phone>(202) 224-4944</phone>
        <email>http://www.alexander.senate.gov/public/index.cfm?p=Email</email>
        <website>http://www.alexander.senate.gov/</website>
        <class>Class II</class>
        <bioguide_id>A000360</bioguide_id>
    </member><member>
        <member_full>Ayotte (R-NH)</member_full>
        <last_name>Ayotte</last_name>
        <first_name>Kelly</first_name>
        <party>R</party>
        <state>NH</state>
        <address>144 Russell Senate Office Building Washington DC 20510</address>
        <phone>(202) 224-3324</phone>
        <email>https://www.ayotte.senate.gov/?p=contact</email>
        <website>http://www.ayotte.senate.gov</website>
        <class>Class III</class>
        <bioguide_id>A000368</bioguide_id>
    </member><member>
        <member_full>Baldwin (D-WI)</member_full>
        <last_name>Baldwin</last_name>
        <first_name>Tammy</first_name>
        <party>D</party>
        <state>WI</state>
        <address>717 Hart Washington DC 20510</address>
        <phone>(202) 224-5653</phone>
        <email>https://www.baldwin.senate.gov/contact</email>
        <website>http://www.baldwin.senate.gov/</website>
        <class>Class I</class>
        <bioguide_id>B001230</bioguide_id>
    </member><member>
        <member_full>Barrasso (R-WY)</member_full>
        <last_name>Barrasso</last_name>
        <first_name>John</first_name>
        <party>R</party>
        <state>WY</state>
        <address>307 Dirksen Senate Office Building Washington DC 20510</address>
        <phone>(202) 224-6441</phone>
        <email>http://www.barrasso.senate.gov/public/index.cfm/contact-form</email>
        <website>http://www.barrasso.senate.gov</website>
        <class>Class I</class>
        <bioguide_id>B001261</bioguide_id>
    </member><member>
        <member_full>Bennet (D-CO)</member_full>
        <last_name>Bennet</last_name>
        <first_name>Michael F.</first_name>
        <party>D</party>
        <state>CO</state>
        <address>261 Russell Senate Office Building Washington DC 20510</address>
        <phone>(202) 224-5852</phone>
        <email>https://www.bennet.senate.gov/?p=contact</email>
        <website>http://www.bennet.senate.gov</website>
        <class>Class III</class>
        <bioguide_id>B001267</bioguide_id>
    </member><member>
        <member_full>Blumenthal (D-CT)</member_full>
        <last_name>Blumenthal</last_name>
        <first_name>Richard</first_name>
        <party>D</party>
        <state>CT</state>
        <address>706 Hart Senate Office Building Washington DC 20510</address>
        <phone>(202) 224-2823</phone>
        <email>https://www.blumenthal.senate.gov/contact/</email>
        <website>http://www.blumenthal.senate.gov</website>
        <class>Class III</class>
        <bioguide_id>B001277</bioguide_id>
    </member><member>
        <member_full>Blunt (R-MO)</member_full>
        <last_name>Blunt</last_name>
        <first_name>Roy</first_name>
        <party>R</party>
        <state>MO</state>
        <address>260 Russell Senate Office Building Washington DC 20510</address>
        <phone>(202) 224-5721</phone>
        <email>http://www.blunt.senate.gov/public/index.cfm/contact-form?p=contact-roy</email>
        <website>http://www.blunt.senate.gov</website>
        <class>Class III</class>
        <bioguide_id>B000575</bioguide_id>
    </member><member>
        <member_full>Booker (D-NJ)</member_full>
        <last_name>Booker</last_name>
        <first_name>Cory A.</first_name>
        <party>D</party>
        <state>NJ</state>
        <address>359 Dirksen Senate Office Building Washington DC 20510</address>
        <phone>(202) 224-3224</phone>
        <email>https://www.booker.senate.gov/?p=contact</email>
        <website>http://www.booker.senate.gov</website>
        <class>Class II</class>
        <bioguide_id>B001288</bioguide_id>
    </member><member>
        <member_full>Boozman (R-AR)</member_full>
        <last_name>Boozman</last_name>
        <first_name>John</first_name>
        <party>R</party>
        <state>AR</state>
        <address>141 Hart Senate Office Building Washington DC 20510</address>
        <phone>(202) 224-4843</phone>
        <email>http://www.boozman.senate.gov/public/index.cfm/contact</email>
        <website>http://www.boozman.senate.gov/</website>
        <class>Class III</class>
        <bioguide_id>B001236</bioguide_id>
    </member><member>
        <member_full>Boxer (D-CA)</member_full>
        <last_name>Boxer</last_name>
        <first_name>Barbara</first_name>
        <party>D</party>
        <state>CA</state>
        <address>112 Hart Senate Office Building Washington DC 20510
        </address>
        <phone>(202) 224-3553</phone>
        <email>https://www.boxer.senate.gov/?p=shareyourviews</email>
        <website>http://www.boxer.senate.gov</website>
        <class>Class III</class>
        <bioguide_id>B000711</bioguide_id>
    </member><member>
        <member_full>Brown (D-OH)</member_full>
        <last_name>Brown</last_name>
        <first_name>Sherrod</first_name>
        <party>D</party>
        <state>OH</state>
        <address>713 Hart Senate Office Building Washington DC 20510</address>
        <phone>(202) 224-2315</phone>
        <email>http://www.brown.senate.gov/contact/</email>
        <website>http://www.brown.senate.gov/</website>
        <class>Class I</class>
        <bioguide_id>B000944</bioguide_id>
    </member><member>
        <member_full>Burr (R-NC)</member_full>
        <last_name>Burr</last_name>
        <first_name>Richard</first_name>
        <party>R</party>
        <state>NC</state>
        <address>217 Russell Senate Office Building Washington DC 20510</address>
        <phone>(202) 224-3154</phone>
        <email>https://www.burr.senate.gov/public/index.cfm?FuseAction=Contact.ContactForm</email>
        <website>http://www.burr.senate.gov</website>
        <class>Class III</class>
        <bioguide_id>B001135</bioguide_id>
    </member><member>
        <member_full>Cantwell (D-WA)</member_full>
        <last_name>Cantwell</last_name>
        <first_name>Maria</first_name>
        <party>D</party>
        <state>WA</state>
        <address>511 Hart Senate Office Building Washington DC 20510</address>
        <phone>(202) 224-3441</phone>
        <email>http://www.cantwell.senate.gov/public/index.cfm/email-maria</email>
        <website>http://www.cantwell.senate.gov</website>
        <class>Class I</class>
        <bioguide_id>C000127</bioguide_id>
    </member><member>
        <member_full>Capito (R-WV)</member_full>
        <last_name>Capito</last_name>
        <first_name>Shelley Moore</first_name>
        <party>R</party>
        <state>WV</state>
        <address>172 Russell Senate Office Building Washington DC 20510</address>
        <phone>(202) 224-6472</phone>
        <email>https://www.capito.senate.gov/contact/contact-shelley</email>
        <website>http://www.capito.senate.gov</website>
        <class>Class II</class>
        <bioguide_id>C001047</bioguide_id>
    </member><member>
        <member_full>Cardin (D-MD)</member_full>
        <last_name>Cardin</last_name>
        <first_name>Benjamin L.</first_name>
        <party>D</party>
        <state>MD</state>
        <address>509 Hart Senate Office Building Washington DC 20510</address>
        <phone>(202) 224-4524</phone>
        <email>http://www.cardin.senate.gov/contact/</email>
        <website>http://www.cardin.senate.gov/</website>
        <class>Class I</class>
        <bioguide_id>C000141</bioguide_id>
    </member><member>
        <member_full>Carper (D-DE)</member_full>
        <last_name>Carper</last_name>
        <first_name>Thomas R.</first_name>
        <party>D</party>
        <state>DE</state>
        <address>513 Hart Senate Office Building Washington DC 20510</address>
        <phone>(202) 224-2441</phone>
        <email>http://carper.senate.gov/public/index.cfm/email-senator-carper</email>
        <website>http://www.carper.senate.gov</website>
        <class>Class I</class>
        <bioguide_id>C000174</bioguide_id>
    </member><member>
        <member_full>Casey (D-PA)</member_full>
        <last_name>Casey</last_name>
        <first_name>Robert P., Jr.</first_name>
        <party>D</party>
        <state>PA</state>
        <address>393 Russell Senate Office Building Washington DC 20510</address>
        <phone>(202) 224-6324</phone>
        <email>https://www.casey.senate.gov/contact/</email>
        <website>http://www.casey.senate.gov/</website>
        <class>Class I</class>
        <bioguide_id>C001070</bioguide_id>
    </member><member>
        <member_full>Cassidy (R-LA)</member_full>
        <last_name>Cassidy</last_name>
        <first_name>Bill</first_name>
        <party>R</party>
        <state>LA</state>
        <address>703 Hart Senate Office Building Washington DC 20510</address>
        <phone>(202) 224-5824</phone>
        <email>https://www.cassidy.senate.gov/contact</email>
        <website>http://www.cassidy.senate.gov</website>
        <class>Class II</class>
        <bioguide_id>C001075</bioguide_id>
    </member><member>
        <member_full>Coats (R-IN)</member_full>
        <last_name>Coats</last_name>
        <first_name>Daniel</first_name>
        <party>R</party>
        <state>IN</state>
        <address>493 Russell Senate Office Building Washington DC
      20510</address>
        <phone>(202) 224-5623</phone>
        <email>http://www.coats.senate.gov/contact/</email>
        <website>http://www.coats.senate.gov</website>
        <class>Class III</class>
        <bioguide_id>C000542</bioguide_id>
    </member><member>
        <member_full>Cochran (R-MS)</member_full>
        <last_name>Cochran</last_name>
        <first_name>Thad</first_name>
        <party>R</party>
        <state>MS</state>
        <address>113 Dirksen Senate Office Building Washington DC 20510</address>
        <phone>(202) 224-5054</phone>
        <email>http://www.cochran.senate.gov/public/index.cfm/email-me</email>
        <website>http://www.cochran.senate.gov</website>
        <class>Class II</class>
        <bioguide_id>C000567</bioguide_id>
    </member><member>
        <member_full>Collins (R-ME)</member_full>
        <last_name>Collins</last_name>
        <first_name>Susan M.</first_name>
        <party>R</party>
        <state>ME</state>
        <address>413 Dirksen Senate Office Building Washington DC 20510</address>
        <phone>(202) 224-2523</phone>
        <email>http://www.collins.senate.gov/public/index.cfm/email</email>
        <website>http://www.collins.senate.gov</website>
        <class>Class II</class>
        <bioguide_id>C001035</bioguide_id>
    </member><member>
        <member_full>Coons (D-DE)</member_full>
        <last_name>Coons</last_name>
        <first_name>Christopher A.</first_name>
        <party>D</party>
        <state>DE</state>
        <address>127A Russell Senate Office Building Washington DC 20510</address>
        <phone>(202) 224-5042</phone>
        <email>http://www.coons.senate.gov/contact/</email>
        <website>http://www.coons.senate.gov/</website>
        <class>Class II</class>
        <bioguide_id>C001088</bioguide_id>
    </member><member>
        <member_full>Corker (R-TN)</member_full>
        <last_name>Corker</last_name>
        <first_name>Bob</first_name>
        <party>R</party>
        <state>TN</state>
        <address>425 Dirksen Senate Office Building Washington DC 20510</address>
        <phone>(202) 224-3344</phone>
        <email>http://www.corker.senate.gov/public/index.cfm/emailme</email>
        <website>http://www.corker.senate.gov/</website>
        <class>Class I</class>
        <bioguide_id>C001071</bioguide_id>
    </member><member>
        <member_full>Cornyn (R-TX)</member_full>
        <last_name>Cornyn</last_name>
        <first_name>John</first_name>
        <party>R</party>
        <state>TX</state>
        <address>517 Hart Senate Office Building Washington DC 20510
        </address>
        <phone>(202) 224-2934</phone>
        <email>http://www.cornyn.senate.gov/public/index.cfm?p=ContactForm</email>
        <website>http://www.cornyn.senate.gov/</website>
        <class>Class II</class>
        <bioguide_id>C001056</bioguide_id>
        <leadership_position>Assistant Majority Leader</leadership_position>
      </member><member>
        <member_full>Cotton (R-AR)</member_full>
        <last_name>Cotton</last_name>
        <first_name>Tom</first_name>
        <party>R</party>
        <state>AR</state>
        <address>124 Russell Senate Office Building Washington DC 20510
        </address>
        <phone>(202) 224-2353</phone>
        <email>http://www.cotton.senate.gov/?p=contact</email>
        <website>http://www.cotton.senate.gov</website>
        <class>Class II</class>
        <bioguide_id>C001095</bioguide_id>
    </member><member>
        <member_full>Crapo (R-ID)</member_full>
        <last_name>Crapo</last_name>
        <first_name>Mike</first_name>
        <party>R</party>
        <state>ID</state>
        <address>239 Dirksen Senate Office Building Washington DC 20510</address>
        <phone>(202) 224-6142</phone>
        <email>http://www.crapo.senate.gov/contact/email.cfm</email>
        <website>http://www.crapo.senate.gov</website>
        <class>Class III</class>
        <bioguide_id>C000880</bioguide_id>
    </member><member>
        <member_full>Cruz (R-TX)</member_full>
        <last_name>Cruz</last_name>
        <first_name>Ted</first_name>
        <party>R</party>
        <state>TX</state>
        <address>404 Russell Senate Office Building Washington DC 20510</address>
        <phone>(202) 224-5922</phone>
        <email>http://www.cruz.senate.gov/?p=email_senator</email>
        <website>http://www.cruz.senate.gov</website>
        <class>Class I</class>
        <bioguide_id>C001098</bioguide_id>
    </member><member>
        <member_full>Daines (R-MT)</member_full>
        <last_name>Daines</last_name>
        <first_name>Steve</first_name>
        <party>R</party>
        <state>MT</state>
        <address>320 Hart Senate Office Building Washington DC 20510</address>
        <phone>(202) 224-2651</phone>
        <email>https://www.daines.senate.gov/connect/email-steve</email>
        <website>http://www.daines.senate.gov</website>
        <class>Class II</class>
        <bioguide_id>D000618</bioguide_id>
    </member><member>
        <member_full>Donnelly (D-IN)</member_full>
        <last_name>Donnelly</last_name>
        <first_name>Joe</first_name>
        <party>D</party>
        <state>IN</state>
        <address>720 Hart Senate Office Building Washington DC 20510</address>
        <phone>(202) 224-4814</phone>
        <email>http://www.donnelly.senate.gov/contact/email-joe</email>
        <website>http://www.donnelly.senate.gov</website>
        <class>Class I</class>
        <bioguide_id>D000607</bioguide_id>
    </member><member>
        <member_full>Durbin (D-IL)</member_full>
        <last_name>Durbin</last_name>
        <first_name>Richard J.</first_name>
        <party>D</party>
        <state>IL</state>
        <address>711 Hart Senate Office Building Washington DC 20510</address>
        <phone>(202) 224-2152</phone>
        <email>https://www.durbin.senate.gov/contact/</email>
        <website>http://www.durbin.senate.gov</website>
        <class>Class II</class>
        <bioguide_id>D000563</bioguide_id>
        <leadership_position>Assistant Democratic Leader</leadership_position>
    </member><member>
        <member_full>Enzi (R-WY)</member_full>
        <last_name>Enzi</last_name>
        <first_name>Michael B.</first_name>
        <party>R</party>
        <state>WY</state>
        <address>379A Russell Senate Office Building Washington DC 20510</address>
        <phone>(202) 224-3424</phone>
        <email>http://www.enzi.senate.gov/public/index.cfm/contact?p=e-mail-senator-enzi</email>
        <website>http://www.enzi.senate.gov</website>
        <class>Class II</class>
        <bioguide_id>E000285</bioguide_id>
    </member><member>
        <member_full>Ernst (R-IA)</member_full>
        <last_name>Ernst</last_name>
        <first_name>Joni</first_name>
        <party>R</party>
        <state>IA</state>
        <address>111 Russell Senate Office Building Washington DC 20510</address>
        <phone>(202) 224-3254</phone>
        <email>https://www.ernst.senate.gov/public/index.cfm/contact</email>
        <website>http://www.ernst.senate.gov</website>
        <class>Class II</class>
        <bioguide_id>E000295</bioguide_id>
    </member><member>
        <member_full>Feinstein (D-CA)</member_full>
        <last_name>Feinstein</last_name>
        <first_name>Dianne</first_name>
        <party>D</party>
        <state>CA</state>
        <address>331 Hart Senate Office Building Washington DC 20510</address>
        <phone>(202) 224-3841</phone>
        <email>https://www.feinstein.senate.gov/public/index.cfm/e-mail-me</email>
        <website>http://www.feinstein.senate.gov</website>
        <class>Class I</class>
        <bioguide_id>F000062</bioguide_id>
    </member><member>
        <member_full>Fischer (R-NE)</member_full>
        <last_name>Fischer</last_name>
        <first_name>Deb</first_name>
        <party>R</party>
        <state>NE</state>
        <address>454 Russell Senate Office Building Washington DC 20510</address>
        <phone>(202) 224-6551</phone>
        <email>http://www.fischer.senate.gov/public/index.cfm/contact</email>
        <website>http://www.fischer.senate.gov</website>
        <class>Class I</class>
        <bioguide_id>F000463</bioguide_id>
    </member><member>
        <member_full>Flake (R-AZ)</member_full>
        <last_name>Flake</last_name>
        <first_name>Jeff</first_name>
        <party>R</party>
        <state>AZ</state>
        <address>413 Russell Senate Office Building Washington DC 20510</address>
        <phone>(202) 224-4521</phone>
        <email>http://www.flake.senate.gov/public/index.cfm/contact-jeff</email>
        <website>http://www.flake.senate.gov</website>
        <class>Class I</class>
        <bioguide_id>F000444</bioguide_id>
    </member><member>
        <member_full>Franken (D-MN)</member_full>
        <last_name>Franken</last_name>
        <first_name>Al</first_name>
        <party>D</party>
        <state>MN</state>
        <address>309 Hart Senate Office Building Washington DC 20510</address>
        <phone>(202) 224-5641</phone>
        <email>https://www.franken.senate.gov/?p=contact</email>
        <website>http://www.franken.senate.gov</website>
        <class>Class II</class>
        <bioguide_id>F000457</bioguide_id>
    </member><member>
        <member_full>Gardner (R-CO)</member_full>
        <last_name>Gardner</last_name>
        <first_name>Cory</first_name>
        <party>R</party>
        <state>CO</state>
        <address>354 Russell Senate Office Building Washington DC 20510</address>
        <phone>(202) 224-5941</phone>
        <email>http://www.gardner.senate.gov/contact-cory/email-cory</email>
        <website>http://www.gardner.senate.gov</website>
        <class>Class II</class>
        <bioguide_id>G000562</bioguide_id>
    </member><member>
        <member_full>Gillibrand (D-NY)</member_full>
        <last_name>Gillibrand</last_name>
        <first_name>Kirsten E.</first_name>
        <party>D</party>
        <state>NY</state>
        <address>478 Russell Senate Office Building Washington DC 20510</address>
        <phone>(202) 224-4451</phone>
        <email>http://www.gillibrand.senate.gov/contact/</email>
        <website>http://www.gillibrand.senate.gov</website>
        <class>Class I</class>
        <bioguide_id>G000555</bioguide_id>
    </member><member>
        <member_full>Graham (R-SC)</member_full>
        <last_name>Graham</last_name>
        <first_name>Lindsey</first_name>
        <party>R</party>
        <state>SC</state>
        <address>290 Russell Senate Office Building Washington DC 20510</address>
        <phone>(202) 224-5972</phone>
        <email>https://www.lgraham.senate.gov/public/index.cfm/e-mail-senator-graham</email>
        <website>http://www.lgraham.senate.gov/</website>
        <class>Class II</class>
        <bioguide_id>G000359</bioguide_id>
    </member><member>
        <member_full>Grassley (R-IA)</member_full>
        <last_name>Grassley</last_name>
        <first_name>Chuck</first_name>
        <party>R</party>
        <state>IA</state>
        <address>135 Hart Senate Office Building Washington DC 20510</address>
        <phone>(202) 224-3744</phone>
        <email>http://www.grassley.senate.gov/contact</email>
        <website>http://www.grassley.senate.gov</website>
        <class>Class III</class>
        <bioguide_id>G000386</bioguide_id>
    </member><member>
        <member_full>Hatch (R-UT)</member_full>
        <last_name>Hatch</last_name>
        <first_name>Orrin G.</first_name>
        <party>R</party>
        <state>UT</state>
        <address>104 Hart Senate Office Building Washington DC 20510</address>
        <phone>(202) 224-5251</phone>
        <email>http://www.hatch.senate.gov/public/index.cfm/contact?p=Email-Orrin</email>
        <website>http://www.hatch.senate.gov/</website>
        <class>Class I</class>
        <bioguide_id>H000338</bioguide_id>
        <leadership_position>President Pro Tempore</leadership_position>
    </member><member>
        <member_full>Heinrich (D-NM)</member_full>
        <last_name>Heinrich</last_name>
        <first_name>Martin</first_name>
        <party>D</party>
        <state>NM</state>
        <address>303 Hart Senate Office Building Washington DC 20510</address>
        <phone>(202) 224-5521</phone>
        <email>http://www.heinrich.senate.gov/contact</email>
        <website>http://www.heinrich.senate.gov/</website>
        <class>Class I</class>
        <bioguide_id>H001046</bioguide_id>
    </member><member>
        <member_full>Heitkamp (D-ND)</member_full>
        <last_name>Heitkamp</last_name>
        <first_name>Heidi</first_name>
        <party>D</party>
        <state>ND</state>
        <address>110 Hart Senate Office Building Washington DC 20510</address>
        <phone>(202) 224-2043</phone>
        <email>http://www.heitkamp.senate.gov/public/index.cfm/contact</email>
        <website>http://www.heitkamp.senate.gov/</website>
        <class>Class I</class>
        <bioguide_id>H001069</bioguide_id>
    </member><member>
        <member_full>Heller (R-NV)</member_full>
        <last_name>Heller</last_name>
        <first_name>Dean</first_name>
        <party>R</party>
        <state>NV</state>
        <address>324 Hart Senate Office Building Washington DC 20510</address>
        <phone>(202) 224-6244</phone>
        <email>http://www.heller.senate.gov/public/index.cfm/contact-form</email>
        <website>http://www.heller.senate.gov/</website>
        <class>Class I</class>
        <bioguide_id>H001041</bioguide_id>
    </member><member>
        <member_full>Hirono (D-HI)</member_full>
        <last_name>Hirono</last_name>
        <first_name>Mazie K.</first_name>
        <party>D</party>
        <state>HI</state>
        <address>330 Hart Senate Office Building Washington DC 20510</address>
        <phone>(202) 224-6361</phone>
        <email>http://www.hirono.senate.gov/contact</email>
        <website>http://www.hirono.senate.gov/</website>
        <class>Class I</class>
        <bioguide_id>H001042</bioguide_id>
    </member><member>
        <member_full>Hoeven (R-ND)</member_full>
        <last_name>Hoeven</last_name>
        <first_name>John</first_name>
        <party>R</party>
        <state>ND</state>
        <address>338 Russell Senate Office Building Washington DC 20510</address>
        <phone>(202) 224-2551</phone>
        <email>http://www.hoeven.senate.gov/public/index.cfm/email-the-senator</email>
        <website>http://www.hoeven.senate.gov</website>
        <class>Class III</class>
        <bioguide_id>H001061</bioguide_id>
    </member><member>
        <member_full>Inhofe (R-OK)</member_full>
        <last_name>Inhofe</last_name>
        <first_name>James M.</first_name>
        <party>R</party>
        <state>OK</state>
        <address>205 Russell Senate Office Building Washington DC 20510</address>
        <phone>(202) 224-4721</phone>
        <email>https://www.inhofe.senate.gov/public/index.cfm?FuseAction=Contact.ContactForm</email>
        <website>http://www.inhofe.senate.gov/</website>
        <class>Class II</class>
        <bioguide_id>I000024</bioguide_id>
    </member><member>
        <member_full>Isakson (R-GA)</member_full>
        <last_name>Isakson</last_name>
        <first_name>Johnny</first_name>
        <party>R</party>
        <state>GA</state>
        <address>131 Russell Senate Office Building Washington DC 20510</address>
        <phone>(202) 224-3643</phone>
        <email>http://www.isakson.senate.gov/public/index.cfm/email-me</email>
        <website>http://www.isakson.senate.gov</website>
        <class>Class III</class>
        <bioguide_id>I000055</bioguide_id>
    </member><member>
        <member_full>Johnson (R-WI)</member_full>
        <last_name>Johnson</last_name>
        <first_name>Ron</first_name>
        <party>R</party>
        <state>WI</state>
        <address>328 Hart Senate Office Building Washington DC 20510</address>
        <phone>(202) 224-5323</phone>
        <email>http://www.ronjohnson.senate.gov/public/index.cfm/contact</email>
        <website>http://www.ronjohnson.senate.gov/</website>
        <class>Class III</class>
        <bioguide_id>J000293</bioguide_id>
    </member><member>
        <member_full>Kaine (D-VA)</member_full>
        <last_name>Kaine</last_name>
        <first_name>Tim</first_name>
        <party>D</party>
        <state>VA</state>
        <address>231 Russell Senate Office Building Washington DC 20510</address>
        <phone>(202) 224-4024</phone>
        <email>https://www.kaine.senate.gov/contact</email>
        <website>http://www.kaine.senate.gov/</website>
        <class>Class I</class>
        <bioguide_id>K000384</bioguide_id>
    </member><member>
        <member_full>King (I-ME)</member_full>
        <last_name>King</last_name>
        <first_name>Angus S., Jr.</first_name>
        <party>I</party>
        <state>ME</state>
        <address>133 Hart Senate Office Building Washington DC 20510</address>
        <phone>(202) 224-5344</phone>
        <email>https://www.king.senate.gov/contact</email>
        <website>http://www.king.senate.gov/</website>
        <class>Class I</class>
        <bioguide_id>K000383</bioguide_id>
    </member><member>
        <member_full>Kirk (R-IL)</member_full>
        <last_name>Kirk</last_name>
        <first_name>Mark</first_name>
        <party>R</party>
        <state>IL</state>
        <address>524 Hart Senate Office Building Washington DC 20510</address>
        <phone>(202) 224-2854</phone>
        <email>http://www.kirk.senate.gov/?p=contact</email>
        <website>http://www.kirk.senate.gov</website>
        <class>Class III</class>
        <bioguide_id>K000360</bioguide_id>
    </member><member>
        <member_full>Klobuchar (D-MN)</member_full>
        <last_name>Klobuchar</last_name>
        <first_name>Amy</first_name>
        <party>D</party>
        <state>MN</state>
        <address>302 Hart Senate Office Building Washington DC 20510</address>
        <phone>(202) 224-3244</phone>
        <email>http://www.klobuchar.senate.gov/public/contact-amy</email>
        <website>http://www.klobuchar.senate.gov/</website>
        <class>Class I</class>
        <bioguide_id>K000367</bioguide_id>
    </member><member>
        <member_full>Lankford (R-OK)</member_full>
        <last_name>Lankford</last_name>
        <first_name>James</first_name>
        <party>R</party>
        <state>OK</state>
        <address>316 Hart Senate Office Building Washington DC 20510</address>
        <phone>(202) 224-5754</phone>
        <email>http://www.lankford.senate.gov/content/contact-james</email>
        <website>http://www.lankford.senate.gov</website>
        <class>Class III</class>
        <bioguide_id>L000575</bioguide_id>
    </member><member>
        <member_full>Leahy (D-VT)</member_full>
        <last_name>Leahy</last_name>
        <first_name>Patrick J.</first_name>
        <party>D</party>
        <state>VT</state>
        <address>437 Russell Senate Office Building Washington DC 20510</address>
        <phone>(202) 224-4242</phone>
        <email>https://www.leahy.senate.gov/contact/</email>
        <website>http://www.leahy.senate.gov/</website>
        <class>Class III</class>
        <bioguide_id>L000174</bioguide_id>
    </member><member>
        <member_full>Lee (R-UT)</member_full>
        <last_name>Lee</last_name>
        <first_name>Mike</first_name>
        <party>R</party>
        <state>UT</state>
        <address>361A Russell Senate Office Building Washington DC 20510</address>
        <phone>(202) 224-5444</phone>
        <email>http://www.lee.senate.gov/public/index.cfm/contact</email>
        <website>http://www.lee.senate.gov/</website>
        <class>Class III</class>
        <bioguide_id>L000577</bioguide_id>
    </member><member>
        <member_full>Manchin (D-WV)</member_full>
        <last_name>Manchin</last_name>
        <first_name>Joe, III</first_name>
        <party>D</party>
        <state>WV</state>
        <address>306 Hart Senate Office Building Washington DC 20510</address>
        <phone>(202) 224-3954</phone>
        <email>http://www.manchin.senate.gov/public/index.cfm/contact-form</email>
        <website>http://www.manchin.senate.gov/</website>
        <class>Class I</class>
        <bioguide_id>M001183</bioguide_id>
    </member><member>
        <member_full>Markey (D-MA)</member_full>
        <last_name>Markey</last_name>
        <first_name>Edward J.</first_name>
        <party>D</party>
        <state>MA</state>
        <address>255 Dirksen Senate Office Building Washington DC 20510
        </address>
        <phone>(202) 224-2742</phone>
        <email>http://www.markey.senate.gov/contact</email>
        <website>http://www.markey.senate.gov/</website>
        <class>Class II</class>
        <bioguide_id>M000133</bioguide_id>
    </member><member>
        <member_full>McCain (R-AZ)</member_full>
        <last_name>McCain</last_name>
        <first_name>John</first_name>
        <party>R</party>
        <state>AZ</state>
        <address>218 Russell Senate Office Building Washington DC 20510</address>
        <phone>(202) 224-2235</phone>
        <email>http://www.mccain.senate.gov/public/index.cfm/contact-form</email>
        <website>http://www.mccain.senate.gov/</website>
        <class>Class III</class>
        <bioguide_id>M000303</bioguide_id>
    </member><member>
        <member_full>McCaskill (D-MO)</member_full>
        <last_name>McCaskill</last_name>
        <first_name>Claire</first_name>
        <party>D</party>
        <state>MO</state>
        <address>730 Hart Senate Office Building Washington DC 20510</address>
        <phone>(202) 224-6154</phone>
        <email>http://www.mccaskill.senate.gov/contact</email>
        <website>http://www.mccaskill.senate.gov/</website>
        <class>Class I</class>
        <bioguide_id>M001170</bioguide_id>
    </member><member>
        <member_full>McConnell (R-KY)</member_full>
        <last_name>McConnell</last_name>
        <first_name>Mitch</first_name>
        <party>R</party>
        <state>KY</state>
        <address>317 Russell Senate Office Building Washington DC 20510</address>
        <phone>(202) 224-2541</phone>
        <email>http://www.mcconnell.senate.gov/public/index.cfm?p=contact</email>
        <website>http://www.mcconnell.senate.gov/</website>
        <class>Class II</class>
        <bioguide_id>M000355</bioguide_id>
        <leadership_position>Majority Leader</leadership_position>
    </member><member>
        <member_full>Menendez (D-NJ)</member_full>
        <last_name>Menendez</last_name>
        <first_name>Robert</first_name>
        <party>D</party>
        <state>NJ</state>
        <address>528 Hart Senate Office Building Washington DC 20510</address>
        <phone>(202) 224-4744</phone>
        <email>https://menendez.senate.gov/contact/</email>
        <website>http://menendez.senate.gov/</website>
        <class>Class I</class>
        <bioguide_id>M000639</bioguide_id>
    </member><member>
        <member_full>Merkley (D-OR)</member_full>
        <last_name>Merkley</last_name>
        <first_name>Jeff</first_name>
        <party>D</party>
        <state>OR</state>
        <address>313 Hart Senate Office Building Washington DC 20510</address>
        <phone>(202) 224-3753</phone>
        <email>http://www.merkley.senate.gov/contact/</email>
        <website>http://www.merkley.senate.gov</website>
        <class>Class II</class>
        <bioguide_id>M001176</bioguide_id>
    </member><member>
        <member_full>Mikulski (D-MD)</member_full>
        <last_name>Mikulski</last_name>
        <first_name>Barbara A.</first_name>
        <party>D</party>
        <state>MD</state>
        <address>503 Hart Senate Office Building Washington DC 20510</address>
        <phone>(202) 224-4654</phone>
        <email>http://www.mikulski.senate.gov/contact/</email>
        <website>http://www.mikulski.senate.gov/</website>
        <class>Class III</class>
        <bioguide_id>M000702</bioguide_id>
    </member><member>
        <member_full>Moran (R-KS)</member_full>
        <last_name>Moran</last_name>
        <first_name>Jerry</first_name>
        <party>R</party>
        <state>KS</state>
        <address>521 Dirksen Senate Office Building Washington DC 20510</address>
        <phone>(202) 224-6521</phone>
        <email>http://moran.senate.gov/public/index.cfm/e-mail-jerry</email>
        <website>http://www.moran.senate.gov</website>
        <class>Class III</class>
        <bioguide_id>M000934</bioguide_id>
    </member><member>
        <member_full>Murkowski (R-AK)</member_full>
        <last_name>Murkowski</last_name>
        <first_name>Lisa</first_name>
        <party>R</party>
        <state>AK</state>
        <address>709 Hart Senate Office Building Washington DC 20510</address>
        <phone>(202) 224-6665</phone>
        <email>http://www.murkowski.senate.gov/public/index.cfm?p=Contact</email>
        <website>http://www.murkowski.senate.gov/</website>
        <class>Class III</class>
        <bioguide_id>M001153</bioguide_id>
    </member><member>
        <member_full>Murphy (D-CT)</member_full>
        <last_name>Murphy</last_name>
        <first_name>Christopher</first_name>
        <party>D</party>
        <state>CT</state>
        <address>136 Hart Senate Office Building Washington DC 20510</address>
        <phone>(202) 224-4041</phone>
        <email>http://www.murphy.senate.gov/contact</email>
        <website>http://www.murphy.senate.gov/</website>
        <class>Class I</class>
        <bioguide_id>M001169</bioguide_id>
    </member><member>
        <member_full>Murray (D-WA)</member_full>
        <last_name>Murray</last_name>
        <first_name>Patty</first_name>
        <party>D</party>
        <state>WA</state>
        <address>154 Russell Senate Office Building Washington DC 20510</address>
        <phone>(202) 224-2621</phone>
        <email>http://www.murray.senate.gov/public/index.cfm/contactme</email>
        <website>http://www.murray.senate.gov/</website>
        <class>Class III</class>
        <bioguide_id>M001111</bioguide_id>
    </member><member>
        <member_full>Nelson (D-FL)</member_full>
        <last_name>Nelson</last_name>
        <first_name>Bill</first_name>
        <party>D</party>
        <state>FL</state>
        <address>716 Hart Senate Office Building Washington DC 20510</address>
        <phone>(202) 224-5274</phone>
        <email>https://www.billnelson.senate.gov/contact-bill</email>
        <website>http://www.billnelson.senate.gov/</website>
        <class>Class I</class>
        <bioguide_id>N000032</bioguide_id>
    </member><member>
        <member_full>Paul (R-KY)</member_full>
        <last_name>Paul</last_name>
        <first_name>Rand</first_name>
        <party>R</party>
        <state>KY</state>
        <address>167 Russell Senate Office Building Washington DC 20510</address>
        <phone>(202) 224-4343</phone>
        <email>http://www.paul.senate.gov/connect/email-rand</email>
        <website>http://www.paul.senate.gov</website>
        <class>Class III</class>
        <bioguide_id>P000603</bioguide_id>
    </member><member>
        <member_full>Perdue (R-GA)</member_full>
        <last_name>Perdue</last_name>
        <first_name>David</first_name>
        <party>R</party>
        <state>GA</state>
        <address>383 Russell Senate Office Building Washington DC 20510</address>
        <phone>(202) 224-3521</phone>
        <email>https://www.perdue.senate.gov/connect/email</email>
        <website>http://www.perdue.senate.gov</website>
        <class>Class II</class>
        <bioguide_id>P000612</bioguide_id>
    </member><member>
        <member_full>Peters (D-MI)</member_full>
        <last_name>Peters</last_name>
        <first_name>Gary</first_name>
        <party>D</party>
        <state>MI</state>
        <address>724 Hart Senate Office Building Washington DC 20510</address>
        <phone>(202) 224-6221</phone>
        <email>https://www.peters.senate.gov/contact/email-gary</email>
        <website>http://www.peters.senate.gov</website>
        <class>Class II</class>
        <bioguide_id>P000595</bioguide_id>
    </member><member>
        <member_full>Portman (R-OH)</member_full>
        <last_name>Portman</last_name>
        <first_name>Rob</first_name>
        <party>R</party>
        <state>OH</state>
        <address>448 Russell Senate Office Building Washington DC 20510</address>
        <phone>(202) 224-3353</phone>
        <email>https://www.portman.senate.gov/public/index.cfm/contact?p=contact-form</email>
        <website>http://www.portman.senate.gov</website>
        <class>Class III</class>
        <bioguide_id>P000449</bioguide_id>
    </member><member>
        <member_full>Reed (D-RI)</member_full>
        <last_name>Reed</last_name>
        <first_name>Jack</first_name>
        <party>D</party>
        <state>RI</state>
        <address>728 Hart Senate Office Building Washington DC 20510</address>
        <phone>(202) 224-4642</phone>
        <email>https://www.reed.senate.gov/contact/</email>
        <website>http://www.reed.senate.gov/</website>
        <class>Class II</class>
        <bioguide_id>R000122</bioguide_id>
    </member><member>
        <member_full>Reid (D-NV)</member_full>
        <last_name>Reid</last_name>
        <first_name>Harry</first_name>
        <party>D</party>
        <state>NV</state>
        <address>522 Hart Senate Office Building Washington DC 20510</address>
        <phone>(202) 224-3542</phone>
        <email>http://www.reid.senate.gov/contact</email>
        <website>http://www.reid.senate.gov/</website>
        <class>Class III</class>
        <bioguide_id>R000146</bioguide_id>
        <leadership_position>Democratic Leader</leadership_position>
    </member><member>
        <member_full>Risch (R-ID)</member_full>
        <last_name>Risch</last_name>
        <first_name>James E.</first_name>
        <party>R</party>
        <state>ID</state>
        <address>483 Russell Senate Office Building Washington DC 20510</address>
        <phone>(202) 224-2752</phone>
        <email>http://www.risch.senate.gov/public/index.cfm?p=Email</email>
        <website>http://www.risch.senate.gov</website>
        <class>Class II</class>
        <bioguide_id>R000584</bioguide_id>
    </member><member>
        <member_full>Roberts (R-KS)</member_full>
        <last_name>Roberts</last_name>
        <first_name>Pat</first_name>
        <party>R</party>
        <state>KS</state>
        <address>109 Hart Senate Office Building Washington DC 20510</address>
        <phone>(202) 224-4774</phone>
        <email>http://www.roberts.senate.gov/public/index.cfm?p=EmailPat</email>
        <website>http://www.roberts.senate.gov/</website>
        <class>Class II</class>
        <bioguide_id>R000307</bioguide_id>
    </member><member>
        <member_full>Rounds (R-SD)</member_full>
        <last_name>Rounds</last_name>
        <first_name>Mike</first_name>
        <party>R</party>
        <state>SD</state>
        <address>502 Hart Senate Office Building Washington DC 20510</address>
        <phone>(202) 224-5842</phone>
        <email>https://www.rounds.senate.gov/contact/email-mike</email>
        <website>http://www.rounds.senate.gov</website>
        <class>Class II</class>
        <bioguide_id>R000605</bioguide_id>
    </member><member>
        <member_full>Rubio (R-FL)</member_full>
        <last_name>Rubio</last_name>
        <first_name>Marco</first_name>
        <party>R</party>
        <state>FL</state>
        <address>284 Russell Senate Office Building Washington DC 20510</address>
        <phone>(202) 224-3041</phone>
        <email>http://www.rubio.senate.gov/public/index.cfm/contact</email>
        <website>http://www.rubio.senate.gov</website>
        <class>Class III</class>
        <bioguide_id>R000595</bioguide_id>
    </member><member>
        <member_full>Sanders (I-VT)</member_full>
        <last_name>Sanders</last_name>
        <first_name>Bernard</first_name>
        <party>I</party>
        <state>VT</state>
        <address>332 Dirksen Senate Office Building Washington DC 20510</address>
        <phone>(202) 224-5141</phone>
        <email>http://www.sanders.senate.gov/contact/</email>
        <website>http://www.sanders.senate.gov/</website>
        <class>Class I</class>
        <bioguide_id>S000033</bioguide_id>
    </member><member>
        <member_full>Sasse (R-NE)</member_full>
        <last_name>Sasse</last_name>
        <first_name>Ben</first_name>
        <party>R</party>
        <state>NE</state>
        <address>386A Russell Senate Office Building Washington DC 20510</address>
        <phone>(202) 224-4224</phone>
        <email>http://www.sasse.senate.gov/public/index.cfm/email-ben</email>
        <website>http://www.sasse.senate.gov</website>
        <class>Class II</class>
        <bioguide_id>S001197</bioguide_id>
    </member><member>
      <member_full>Schatz (D-HI)</member_full>
      <last_name>Schatz</last_name>
      <first_name>Brian</first_name>
      <party>D</party>
      <state>HI</state>
      <address>722 Hart Senate Office Building Washington DC 20510</address>
      <phone>(202) 224-3934</phone>
      <email>https://www.schatz.senate.gov/contact</email>
      <website>http://www.schatz.senate.gov</website>
      <class>Class III</class>
      <bioguide_id>S001194</bioguide_id>
    </member><member>
        <member_full>Schumer (D-NY)</member_full>
        <last_name>Schumer</last_name>
        <first_name>Charles E.</first_name>
        <party>D</party>
        <state>NY</state>
        <address>322 Hart Senate Office Building Washington DC 20510</address>
        <phone>(202) 224-6542</phone>
        <email>http://www.schumer.senate.gov/contact/email-chuck</email>
        <website>http://www.schumer.senate.gov/</website>
        <class>Class III</class>
        <bioguide_id>S000148</bioguide_id>
    </member><member>
        <member_full>Scott (R-SC)</member_full>
        <last_name>Scott</last_name>
        <first_name>Tim</first_name>
        <party>R</party>
        <state>SC</state>
        <address>520 Hart Senate Office Building Washington DC 20510</address>
        <phone>(202) 224-6121</phone>
        <email>http://www.scott.senate.gov/contact/email-me</email>
        <website>http://www.scott.senate.gov/</website>
        <class>Class III</class>
        <bioguide_id>S001184</bioguide_id>
    </member><member>
        <member_full>Sessions (R-AL)</member_full>
        <last_name>Sessions</last_name>
        <first_name>Jeff</first_name>
        <party>R</party>
        <state>AL</state>
        <address>326 Russell Senate Office Building Washington DC 20510</address>
        <phone>(202) 224-4124</phone>
        <email>http://www.sessions.senate.gov/public/index.cfm/contact-jeff</email>
        <website>http://www.sessions.senate.gov/</website>
        <class>Class II</class>
        <bioguide_id>S001141</bioguide_id>
    </member><member>
        <member_full>Shaheen (D-NH)</member_full>
        <last_name>Shaheen</last_name>
        <first_name>Jeanne</first_name>
        <party>D</party>
        <state>NH</state>
        <address>506 Hart Senate Office Building Washington DC 20510</address>
        <phone>(202) 224-2841</phone>
        <email>http://www.shaheen.senate.gov/contact/</email>
        <website>http://www.shaheen.senate.gov</website>
        <class>Class II</class>
        <bioguide_id>S001181</bioguide_id>
    </member><member>
        <member_full>Shelby (R-AL)</member_full>
        <last_name>Shelby</last_name>
        <first_name>Richard C.</first_name>
        <party>R</party>
        <state>AL</state>
        <address>304 Russell Senate Office Building Washington DC 20510</address>
        <phone>(202) 224-5744</phone>
        <email>http://www.shelby.senate.gov/public/index.cfm/emailsenatorshelby</email>
        <website>http://www.shelby.senate.gov/</website>
        <class>Class III</class>
        <bioguide_id>S000320</bioguide_id>
    </member><member>
        <member_full>Stabenow (D-MI)</member_full>
        <last_name>Stabenow</last_name>
        <first_name>Debbie</first_name>
        <party>D</party>
        <state>MI</state>
        <address>731 Hart Senate Office Building Washington DC 20510</address>
        <phone>(202) 224-4822</phone>
        <email>http://www.stabenow.senate.gov/?p=contact</email>
        <website>http://www.stabenow.senate.gov/</website>
        <class>Class I</class>
        <bioguide_id>S000770</bioguide_id>
    </member><member>
        <member_full>Sullivan (R-AK)</member_full>
        <last_name>Sullivan</last_name>
        <first_name>Daniel</first_name>
        <party>R</party>
        <state>AK</state>
        <address>702 Hart Senate Office Building Washington DC 20510</address>
        <phone>(202) 224-3004</phone>
        <email>http://www.sullivan.senate.gov/contact/email</email>
        <website>http://www.sullivan.senate.gov</website>
        <class>Class II</class>
        <bioguide_id>S001198</bioguide_id>
    </member><member>
        <member_full>Tester (D-MT)</member_full>
        <last_name>Tester</last_name>
        <first_name>Jon</first_name>
        <party>D</party>
        <state>MT</state>
        <address>311 Hart Senate Office Building Washington DC 20510</address>
        <phone>(202) 224-2644</phone>
        <email>https://www.tester.senate.gov/Contact/index.cfm</email>
        <website>http://www.tester.senate.gov/</website>
        <class>Class I</class>
        <bioguide_id>T000464</bioguide_id>
    </member><member>
        <member_full>Thune (R-SD)</member_full>
        <last_name>Thune</last_name>
        <first_name>John</first_name>
        <party>R</party>
        <state>SD</state>
        <address>511 Dirksen Senate Office Building Washington DC 20510</address>
        <phone>(202) 224-2321</phone>
        <email>http://www.thune.senate.gov/public/index.cfm/contact</email>
        <website>http://www.thune.senate.gov/</website>
        <class>Class III</class>
        <bioguide_id>T000250</bioguide_id>
    </member><member>
        <member_full>Tillis (R-NC)</member_full>
        <last_name>Tillis</last_name>
        <first_name>Thom</first_name>
        <party>R</party>
        <state>NC</state>
        <address>185 Dirksen Senate Office Building Washington DC 20510</address>
        <phone>(202) 224-6342</phone>
        <email>https://www.tillis.senate.gov/public/index.cfm/email-me</email>
        <website>http://www.tillis.senate.gov</website>
        <class>Class II</class>
        <bioguide_id>T000476</bioguide_id>
    </member><member>
        <member_full>Toomey (R-PA)</member_full>
        <last_name>Toomey</last_name>
        <first_name>Patrick J.</first_name>
        <party>R</party>
        <state>PA</state>
        <address>248 Russell Senate Office Building Washington DC 20510</address>
        <phone>(202) 224-4254</phone>
        <email>http://www.toomey.senate.gov/?p=contact</email>
        <website>http://www.toomey.senate.gov/</website>
        <class>Class III</class>
        <bioguide_id>T000461</bioguide_id>
    </member><member>
        <member_full>Udall (D-NM)</member_full>
        <last_name>Udall</last_name>
        <first_name>Tom</first_name>
        <party>D</party>
        <state>NM</state>
        <address>531 Hart Senate Office Building Washington DC 20510</address>
        <phone>(202) 224-6621</phone>
        <email>https://www.tomudall.senate.gov/?p=contact</email>
        <website>http://www.tomudall.senate.gov</website>
        <class>Class II</class>
        <bioguide_id>U000039</bioguide_id>
    </member><member>
        <member_full>Vitter (R-LA)</member_full>
        <last_name>Vitter</last_name>
        <first_name>David</first_name>
        <party>R</party>
        <state>LA</state>
        <address>516 Hart Senate Office Building Washington DC 20510</address>
        <phone>(202) 224-4623</phone>
        <email>http://www.vitter.senate.gov/contact</email>
        <website>http://www.vitter.senate.gov/</website>
        <class>Class III</class>
        <bioguide_id>V000127</bioguide_id>
    </member><member>
        <member_full>Warner (D-VA)</member_full>
        <last_name>Warner</last_name>
        <first_name>Mark R.</first_name>
        <party>D</party>
        <state>VA</state>
        <address>475 Russell Senate Office Building Washington DC 20510</address>
        <phone>(202) 224-2023</phone>
        <email>http://www.warner.senate.gov/public/index.cfm?p=Contact</email>
        <website>http://www.warner.senate.gov</website>
        <class>Class II</class>
        <bioguide_id>W000805</bioguide_id>
    </member><member>
        <member_full>Warren (D-MA)</member_full>
        <last_name>Warren</last_name>
        <first_name>Elizabeth</first_name>
        <party>D</party>
        <state>MA</state>
        <address>317 Hart Senate Office Building Washington DC 20510</address>
        <phone>(202) 224-4543</phone>
        <email>http://www.warren.senate.gov/?p=email_senator</email>
        <website>http://www.warren.senate.gov</website>
        <class>Class I</class>
        <bioguide_id>W000817</bioguide_id>
    </member><member>
        <member_full>Whitehouse (D-RI)</member_full>
        <last_name>Whitehouse</last_name>
        <first_name>Sheldon</first_name>
        <party>D</party>
        <state>RI</state>
        <address>530 Hart Senate Office Building Washington DC 20510</address>
        <phone>(202) 224-2921</phone>
        <email>https://www.whitehouse.senate.gov/contact/</email>
        <website>http://www.whitehouse.senate.gov/</website>
        <class>Class I</class>
        <bioguide_id>W000802</bioguide_id>
    </member><member>
        <member_full>Wicker (R-MS)</member_full>
        <last_name>Wicker</last_name>
        <first_name>Roger F.</first_name>
        <party>R</party>
        <state>MS</state>
        <address>555 Dirksen Senate Office Building Washington DC 20510</address>
        <phone>(202) 224-6253</phone>
        <email>https://www.wicker.senate.gov/public/index.cfm/contact</email>
        <website>http://www.wicker.senate.gov</website>
        <class>Class I</class>
        <bioguide_id>W000437</bioguide_id>
    </member><member>
        <member_full>Wyden (D-OR)</member_full>
        <last_name>Wyden</last_name>
        <first_name>Ron</first_name>
        <party>D</party>
        <state>OR</state>
        <address>221 Dirksen Senate Office Building Washington DC 20510</address>
        <phone>(202) 224-5244</phone>
        <email>https://www.wyden.senate.gov/contact/</email>
        <website>http://www.wyden.senate.gov/</website>
        <class>Class III</class>
        <bioguide_id>W000779</bioguide_id>
    </member><last_updated>Tuesday, February 2, 2016: 11:58 AM EST</last_updated></contact_information>